{
    "acc": 0.9305734081980483,
    "pre": [
        0.9776861712838049,
        0.0,
        0.7295970546123952,
        0.85789726356217,
        0.483075491450506,
        0.837983260263053,
        0.5718727444339571,
        0.756299360661903,
        0.9994997498749375,
        0.9503205128205128,
        0.9717021276595744,
        0.3277310924369748,
        0.6545454545454545,
        0.9998348676877348,
        1.0
    ],
    "recl": [
        0.9999625557918701,
        0.0,
        0.4727634194831014,
        0.9080284552845529,
        0.8042994093153869,
        0.41790896442059233,
        0.9994178148651272,
        0.20261964735516372,
        0.5027679919476598,
        0.8278819305943359,
        0.9558392632900795,
        0.07730426164519326,
        0.19047619047619047,
        0.9999174270261344,
        0.9993545055512523
    ],
    "f1s": [
        0.9886989020997272,
        0.0,
        0.5737493968151841,
        0.8822512959763023,
        0.6036117873623779,
        0.5576923076923077,
        0.7274781933114385,
        0.31961220597584233,
        0.6690105474635861,
        0.8848859518226391,
        0.963705423085039,
        0.12510024057738572,
        0.29508196721311475,
        0.9998761456527123,
        0.9996771485762252
    ]
}